palavra,relevancia
torturello,15.480495041741595
bakanovas,15.424280076968232
ğïsä,15.247671563188764
prensadinho,15.203015665691222
culinária-receitas,15.06522644877245
eleneid...,15.036693834092809
experimentou),15.03149405326392
(jaque,14.730103942459191
bemcomer,14.340070414612498
maurorebelo@gmail.com,14.06483485261111
£igia,14.045511137931289
mauro/apostilas/encarte.htm,14.034848127911264
http://www.martinsrebelo.com/,14.034848127911264
hokudaisai,13.947321286871858
kope),13.946722828260736
sampuru,13.946076826553664
quiltweek,13.93730301679329
shokuhin,13.93605945036284
tathiy,13.934839893476594
(ligia),13.933693935433745
fairchildart,13.93358723783138
neiman-marcus,13.932892335475415
(izamara,13.932333756712868
roscona,13.931762126897777
(marnia),13.931079449032396
gállup,13.928911703387385
http://www.meucartaodenatal.com.br,13.928568349620173
´modelador,13.928568349620173
}soja,13.928568349620173
gherazade,13.928568349620173
deocara,13.928568349620173
torlanches,13.928568349620173
"""ferrrero",13.928568349620173
"ildefonso""",13.928568349620173
humidobolo,13.928568349620173
serlfservice,13.928568349620173
nhoque/gnocchi,13.928568349620173
cheesebrownie,13.928568349620173
bisnaquinhas,13.928568349620173
takofome,13.928568349620173
mesapra1,13.928568349620173
frozenbolo,13.928568349620173
(rosineire),13.928568349620173
sacuzeta,13.928568349620173
chocoreto,13.928568349620173
rocambolinhos,13.927999695657574
https://www.fac...,13.927655821592698
gargouillau,13.927655821592698
ameixinhas,13.926988548780532
c/brigadeiro,13.92674389609285
cityville.,13.92674389609285
fofona,13.926301215535943
c/geléia,13.925832572325477
cebla,13.924921849496998
priko,13.924921849496998
negresca,13.924357674676992
assistants!,13.924011726815404
"""molhadinho""",13.924011726815404
peras),13.924011726815404
reeita,13.920725231671911
bôla,13.917657605955519
polkan,13.91403976205482
(quiche,13.913136779924358
pinguinhas,13.910431370402383
"""risoto""",13.907001307821776
encachaçado,13.900556630700043
"rocher""",13.897875728300164
rechados,13.8889767856612
semifrio,13.877493224426228
teretete,13.870359960590948
amancio),13.853370294820087
xburguer,13.850013148873025
banofe,13.847903070500399
makizushi,13.847818449082208
batat,13.847042296948485
"backpacker,",13.838463939436082
rechado,13.837148395922982
®º$¡ªn€,13.828565962375563
rodelinha,13.82106117138708
lamingtons,13.800906900042222
panquequinhas,13.785612060617346
gergilim,13.783145055878023
hiyashi,13.730901626162444
kikão,13.722641825943427
marg...,13.715093563780282
http://www.martinsrebelo.com/mauro/apostilas/encarte.htm,13.697568288654335
sabo...,13.681791730252433
pecatto,13.661330450540575
broinhas,13.63584021315
bolos/tortas,13.583809957251004
食品サンプル,13.578985112653536
fondados,13.536199005348905
quejo,13.522321367869008
gugelhupf,13.484357170019639
glicemica,13.48226789496339
biscoitão,13.45545963950055
nhoqueira,13.440715507932406
bíbilia,13.427315849344312
pré-cozido,13.358567844917628
lí...,13.29375095077886
